Chinese Buddha	100 10th St NW, Atlanta, GA 30309	Chinese		3.9	https://www.google.com/maps/place/Chinese+Buddha/@33.7812819,-84.3943547,16z/data=!3m1!5s0x88f5045df65e94ed:0x2b09598ccbd28a44!4m9!1m2!2m1!1schinese+restaurant!3m5!1s0x88f505ec2284c573:0xf63742a423e9888e!8m2!3d33.7812993!4d-84.3899612!15sChJjaGluZXNlIHJlc3RhdXJhbnRaFCISY2hpbmVzZSByZXN0YXVyYW50kgESY2hpbmVzZV9yZXN0YXVyYW50mgEkQ2hkRFNVaE5NRzluUzBWSlEwRm5TVVJMY21WSU9IaDNSUkFC
Lucky Buddha	529 10th St NW, Atlanta, GA 30318	Chinese	$	3.2	https://www.google.com/maps/place/Lucky+Buddha/@33.7812819,-84.3943547,16z/data=!4m9!1m2!2m1!1schinese+restaurant!3m5!1s0x88f504f2d273a0bf:0xbddec95b076381fe!8m2!3d33.7817996!4d-84.4048193!15sChJjaGluZXNlIHJlc3RhdXJhbnRaFCISY2hpbmVzZSByZXN0YXVyYW50kgESY2hpbmVzZV9yZXN0YXVyYW50mgEkQ2hkRFNVaE5NRzluUzBWSlEwRm5TVU13YmxwUFJYcG5SUkFC
Hsu's Gourmet	192 Peachtree Center Ave NE, Atlanta, GA 30303	Chinese	$$	4.4	https://www.google.com/maps/place/Hsu's+Gourmet/@33.7594713,-84.3906568,16z/data=!3m1!5s0x88f50478138b8b01:0xe21413c9cba837a3!4m9!1m2!2m1!1schinese+restaurant!3m5!1s0x88f5047810c66405:0x34c7f172abf311b3!8m2!3d33.7594713!4d-84.3862794!15sChJjaGluZXNlIHJlc3RhdXJhbnRaFCISY2hpbmVzZSByZXN0YXVyYW50kgESY2hpbmVzZV9yZXN0YXVyYW50mgEjQ2haRFNVaE5NRzluUzBWSlEwRm5TVVJOYjNaSWMxRkJFQUU
China Breeze Underground	96 Upper Alabama St, Atlanta, GA 30303	Chinese	$	4.1	https://www.google.com/maps/place/China+Breeze+Underground/@33.7527854,-84.3953566,16z/data=!3m1!5s0x88f50383ff2f0099:0xb7d6a0e7f59f8645!4m9!1m2!2m1!1schinese+restaurant!3m5!1s0x88f50384009f5309:0x57a5226b395c40dc!8m2!3d33.752858!4d-84.3909218!15sChJjaGluZXNlIHJlc3RhdXJhbnRaFCISY2hpbmVzZSByZXN0YXVyYW50kgESY2hpbmVzZV9yZXN0YXVyYW50mgEjQ2haRFNVaE5NRzluUzBWSlEwRm5TVU5uZVdaUWRsUkJFQUU
Panda Express	55 Gilmer St SE, Atlanta, GA 30302	Chinese	$	2.1	https://www.google.com/maps/place/Panda+Express/@33.7527854,-84.3953566,16z/data=!4m9!1m2!2m1!1schinese+restaurant!3m5!1s0x88f5034eae24df1d:0x36bf2fae0083b8ab!8m2!3d33.7528612!4d-84.3846866!15sChJjaGluZXNlIHJlc3RhdXJhbnRaFCISY2hpbmVzZSByZXN0YXVyYW50kgESY2hpbmVzZV9yZXN0YXVyYW50
United China	230 Spring St NW # 793, Atlanta, GA 30303	Chinese		5	https://www.google.com/maps/place/United+China/@33.7527854,-84.3953566,16z/data=!4m9!1m2!2m1!1schinese+restaurant!3m5!1s0x88f503778a425455:0x9d1dd6bb17a0872b!8m2!3d33.760953!4d-84.3891444!15sChJjaGluZXNlIHJlc3RhdXJhbnRaFCISY2hpbmVzZSByZXN0YXVyYW50kgESY2hpbmVzZV9yZXN0YXVyYW50
Taste of Asia	303 Peachtree Center Ave NE, Atlanta, GA 30303	Chinese		3.2	https://www.google.com/maps/place/Taste+of+Asia/@33.7556038,-84.3941765,16z/data=!4m9!1m2!2m1!1schinese+restaurant!3m5!1s0x88f50479e05ea211:0x268a30d6cc8d4aa1!8m2!3d33.7627197!4d-84.3858958!15sChJjaGluZXNlIHJlc3RhdXJhbnRaFCISY2hpbmVzZSByZXN0YXVyYW50kgESY2hpbmVzZV9yZXN0YXVyYW50mgEkQ2hkRFNVaE5NRzluUzBWSlEwRm5TVVJ2ZGkwMmIzUjNSUkFC
Best Cajun Asian Restaurant	50 Broad St NW, Atlanta, GA 30303	Chinese	$	3.9	https://www.google.com/maps/place/Best+Cajun+Asian+Restaurant/@33.7556038,-84.3941765,16z/data=!4m9!1m2!2m1!1schinese+restaurant!3m5!1s0x88f50386e09d8b0b:0xe0072e1f2d928472!8m2!3d33.7556038!4d-84.3897991!15sChJjaGluZXNlIHJlc3RhdXJhbnRaFCISY2hpbmVzZSByZXN0YXVyYW50kgEXYXNpYW5fZnVzaW9uX3Jlc3RhdXJhbnQ
East Wave Asian Fusion	60 Luckie St NW, Atlanta, GA 30303	Chinese	$	4.2	https://www.google.com/maps/place/East+Wave+Asian+Fusion/@33.7556038,-84.3941765,16z/data=!4m9!1m2!2m1!1schinese+restaurant!3m5!1s0x88f503871bca1d17:0x70e645c652e59e00!8m2!3d33.7560929!4d-84.3891333!15sChJjaGluZXNlIHJlc3RhdXJhbnRaFCISY2hpbmVzZSByZXN0YXVyYW50kgEXYXNpYW5fZnVzaW9uX3Jlc3RhdXJhbnSaASRDaGREU1VoTk1HOW5TMFZKUTBGblNVUm5NM05oVW5OblJSQUI
Doc Chey's Noodle House	563 Memorial Dr SE, Atlanta, GA 30312	Chinese	$	4.4	https://www.google.com/maps/place/Doc+Chey's+Noodle+House/@33.7465634,-84.3738844,16z/data=!3m1!5s0x88f503eeec41895b:0x4fa968ba826bab44!4m9!1m2!2m1!1schinese+restaurant!3m5!1s0x88f503ee1d3d09f3:0x947638e8e3431c31!8m2!3d33.7465634!4d-84.369507!15sChJjaGluZXNlIHJlc3RhdXJhbnRaFCISY2hpbmVzZSByZXN0YXVyYW50kgEQYXNpYW5fcmVzdGF1cmFudJoBJENoZERTVWhOTUc5blMwVkpRMEZuU1VOQlgySjZaVEIzUlJBQg
Taqueria on Broad	54 Broad St NW, Atlanta, GA 30303	Mexican	$	4.6	https://www.google.com/maps/place/Taqueria+on+Broad/@33.7557132,-84.3984219,15z/data=!4m9!1m2!2m1!1smexican+restaurant!3m5!1s0x88f50386e073517f:0x36ce0b435efe6c0e!8m2!3d33.7557132!4d-84.3896672!15sChJtZXhpY2FuIHJlc3RhdXJhbnRaFCISbWV4aWNhbiByZXN0YXVyYW50kgESbWV4aWNhbl9yZXN0YXVyYW50mgEkQ2hkRFNVaE5NRzluUzBWSlEwRm5TVVJWY2w5RGJIVlJSUkFC
Moe's Southwest Grill	70 Peachtree St, Atlanta, GA 30303	Mexican	$	3.4	https://www.google.com/maps/place/Moe's+Southwest+Grill/@33.7557132,-84.3984219,15z/data=!4m9!1m2!2m1!1smexican+restaurant!3m5!1s0x88f50383fb3b97ef:0xb5395dc69614c3d4!8m2!3d33.7556199!4d-84.3890086!15sChJtZXhpY2FuIHJlc3RhdXJhbnRaFCISbWV4aWNhbiByZXN0YXVyYW50kgESbWV4aWNhbl9yZXN0YXVyYW50mgEjQ2haRFNVaE5NRzluUzBWSlEwRm5TVU5uYm5OeGMxVkJFQUU
Willy's Mexicana Grill	235 Peachtree St NE, Atlanta, GA 30303	Mexican	$	4.3	https://www.google.com/maps/place/Willy's+Mexicana+Grill/@33.7557132,-84.3984219,15z/data=!4m9!1m2!2m1!1smexican+restaurant!3m5!1s0x88f50478380d3e15:0x8a334fab773c850e!8m2!3d33.7605323!4d-84.3872341!15sChJtZXhpY2FuIHJlc3RhdXJhbnRaFCISbWV4aWNhbiByZXN0YXVyYW50kgESdGV4X21leF9yZXN0YXVyYW50mgEjQ2haRFNVaE5NRzluUzBWSlEwRm5TVU5OWnpSWVVVTlJFQUU
Dos Bocas	275 Baker St NW, Atlanta, GA 30313	Mexican		4.1	https://www.google.com/maps/place/Dos+Bocas/@33.7557132,-84.3984219,15z/data=!4m9!1m2!2m1!1smexican+restaurant!3m5!1s0x88f505597fccf793:0xde851b5b67d0ce2a!8m2!3d33.7619811!4d-84.3952947!15sChJtZXhpY2FuIHJlc3RhdXJhbnRaFCISbWV4aWNhbiByZXN0YXVyYW50kgESbWV4aWNhbl9yZXN0YXVyYW50mgEjQ2haRFNVaE5NRzluUzBWSlEwRm5TVVJMY2xwcExXTjNFQUU
No Mas! Cantina	180 Walker St SW ste b, Atlanta, GA 30313	Mexican	$$	4.3	https://www.google.com/maps/place/No+Mas!+Cantina/@33.74995,-84.4053691,16z/data=!3m1!5s0x88f503798e4b1505:0xc581932b5a287432!4m9!1m2!2m1!1sMexican+restaurant!3m5!1s0x88f50379850e084f:0x4676936f5c130fc5!8m2!3d33.74995!4d-84.4009917!15sChJNZXhpY2FuIHJlc3RhdXJhbnRaFCISbWV4aWNhbiByZXN0YXVyYW50kgESbWV4aWNhbl9yZXN0YXVyYW50mgEkQ2hkRFNVaE5NRzluUzBWSlEwRm5TVU5oTUhSVGJ6QjNSUkFC
Mi Barrio Mexican Restaurant	571 Memorial Dr SE, Atlanta, GA 30312	Mexican	$	4.3	https://www.google.com/maps/place/Mi+Barrio+Mexican+Restaurant/@33.7465056,-84.3731178,16z/data=!3m1!5s0x88f503f1e041dc79:0x8bda7812a6e161cc!4m9!1m2!2m1!1sMexican+restaurant!3m5!1s0x88f503f1e018ba09:0x7b23f43be6acbf6a!8m2!3d33.7465194!4d-84.3687403!15sChJNZXhpY2FuIHJlc3RhdXJhbnRaFCISbWV4aWNhbiByZXN0YXVyYW50kgESbWV4aWNhbl9yZXN0YXVyYW50mgEjQ2haRFNVaE5NRzluUzBWSlEwRm5TVU5oTjNNMmJHVkJFQUU
Mezcalito's Cocina & Tequila Bar	304 Oakland Ave SE, Atlanta, GA 30312	Mexican	$$	4.2	https://www.google.com/maps/place/Mezcalito's+Cocina+%26+Tequila+Bar/@33.7465056,-84.3731178,16z/data=!3m1!5s0x88f503ed50b24ee5:0xb9b0b3ac1ac95705!4m9!1m2!2m1!1sMexican+restaurant!3m5!1s0x88f503ed50b44fcd:0x34285e1bfbf1fb94!8m2!3d33.7464061!4d-84.3745343!15sChJNZXhpY2FuIHJlc3RhdXJhbnRaFCISbWV4aWNhbiByZXN0YXVyYW50kgESbWV4aWNhbl9yZXN0YXVyYW50mgEjQ2haRFNVaE5NRzluUzBWSlEwRm5TVU5oZDNSRWMyUlJFQUU
Baja Fresh Mexican Grill	250 Park Ave W NW Ste 2, Atlanta, GA 30313	Mexican	$	3.9	https://www.google.com/maps/place/Baja+Fresh+Mexican+Grill/@33.7616709,-84.3994901,16z/data=!3m1!5s0x88f503809dce83f7:0xeb0e43d48a57d2f1!4m9!1m2!2m1!1sMexican+restaurant!3m5!1s0x88f5047e34dfd1a5:0xc3b166d45307d6bd!8m2!3d33.7616709!4d-84.3951127!15sChJNZXhpY2FuIHJlc3RhdXJhbnRaFCISbWV4aWNhbiByZXN0YXVyYW50kgESbWV4aWNhbl9yZXN0YXVyYW50mgEkQ2hkRFNVaE5NRzluUzBWSlEwRm5TVVJWTFRnelYzQjNSUkFC
Willy's Mexicana Grill	100 Piedmont Ave SE, Atlanta, GA 30303	Mexican	$	4.1	https://www.google.com/maps/place/Willy's+Mexicana+Grill/@33.751153,-84.3897827,16z/data=!4m9!1m2!2m1!1sMexican+restaurant!3m5!1s0x88f5038f5e30f049:0xafef539c2ba27396!8m2!3d33.751153!4d-84.3854053!15sChJNZXhpY2FuIHJlc3RhdXJhbnRaFCISbWV4aWNhbiByZXN0YXVyYW50kgESdGV4X21leF9yZXN0YXVyYW50mgEjQ2haRFNVaE5NRzluUzBWSlEwRm5TVU0wWjJacVlWQjNFQUU
Moe's Southwest Grill	171 Auburn Ave NE, Atlanta, GA 30303	Mexican	$	3.5	https://www.google.com/maps/place/Moe's+Southwest+Grill/@33.751153,-84.3897827,16z/data=!4m9!1m2!2m1!1sMexican+restaurant!3m5!1s0x88f50389a0cf4799:0xfc8de6408893c3e2!8m2!3d33.7549088!4d-84.382128!15sChJNZXhpY2FuIHJlc3RhdXJhbnRaFCISbWV4aWNhbiByZXN0YXVyYW50kgESbWV4aWNhbl9yZXN0YXVyYW50mgEkQ2hkRFNVaE5NRzluUzBWSlEwRm5TVVJyY25CZlRHeEJSUkFC
BrickStone Cafe & Restaurant	66 Broad St NW, Atlanta, GA 30303	Italian		4.2	https://www.google.com/maps/place/BrickStone+Cafe+%26+Restaurant/@33.7559513,-84.3937876,16z/data=!4m9!1m2!2m1!1sitalian+restaurant!3m5!1s0x88f503871dbdeb9b:0x930c0e743efc12e1!8m2!3d33.7559516!4d-84.3894102!15sChJpdGFsaWFuIHJlc3RhdXJhbnRaFCISaXRhbGlhbiByZXN0YXVyYW50kgESaXRhbGlhbl9yZXN0YXVyYW50mgEjQ2haRFNVaE5NRzluUzBWSlEwRm5TVU13YW5aMlZHRlJFQUU
Amalfi Pizza	17 Andrew Young International Blvd NE, Atlanta, GA 30303	Italian	$$	4.1	https://www.google.com/maps/place/Amalfi+Pizza/@33.7559513,-84.3937876,16z/data=!3m1!5s0x88f504786b7f4bd9:0x4890485f43935e5b!4m9!1m2!2m1!1sitalian+restaurant!3m5!1s0x88f50478135f76c5:0x7e9a4a0e49885be5!8m2!3d33.759604!4d-84.386965!15sChJpdGFsaWFuIHJlc3RhdXJhbnRaFCISaXRhbGlhbiByZXN0YXVyYW50kgESaXRhbGlhbl9yZXN0YXVyYW50mgEjQ2haRFNVaE5NRzluUzBWSlEwRm5TVVJOYURabWRsSkJFQUU
Slice Downtown	85 Poplar St NW, Atlanta, GA 30303	Italian	$	4.5	https://www.google.com/maps/place/Slice+Downtown/@33.7559513,-84.3937876,16z/data=!3m1!5s0x88f5038739488919:0x670fac578f344841!4m9!1m2!2m1!1sitalian+restaurant!3m5!1s0x88f50387394c7bfd:0xe5be0c6a58b3bce0!8m2!3d33.7568816!4d-84.3901029!15sChJpdGFsaWFuIHJlc3RhdXJhbnRaFCISaXRhbGlhbiByZXN0YXVyYW50kgEQcGl6emFfcmVzdGF1cmFudJoBJENoZERTVWhOTUc5blMwVkpRMEZuU1VSQmNtOXBPRE5CUlJBQg
Papinos Italian Restaurant	303 Peachtree Center Ave NE, Atlanta, GA 30303	Italian		3.6	https://www.google.com/maps/place/Papinos+Italian+Restaurant/@33.7559513,-84.3937876,16z/data=!4m9!1m2!2m1!1sitalian+restaurant!3m5!1s0x88f50479e05ea211:0x3d686679c4fd27d5!8m2!3d33.7627197!4d-84.3858958!15sChJpdGFsaWFuIHJlc3RhdXJhbnRaFCISaXRhbGlhbiByZXN0YXVyYW50kgESaXRhbGlhbl9yZXN0YXVyYW50
Noni's	357 Edgewood Ave SE, Atlanta, GA 30312	Italian	$$	4.4	https://www.google.com/maps/place/Noni's/@33.7559513,-84.3937876,16z/data=!3m1!5s0x88f5038b3a5ff991:0x34ce3ea7c139dfb1!4m9!1m2!2m1!1sitalian+restaurant!3m5!1s0x88f5038b3a97828b:0xe71526543914fb47!8m2!3d33.7542638!4d-84.3759703!15sChJpdGFsaWFuIHJlc3RhdXJhbnRaFCISaXRhbGlhbiByZXN0YXVyYW50kgESaXRhbGlhbl9yZXN0YXVyYW50mgEkQ2hkRFNVaE5NRzluUzBWSlEwRm5TVVJyTnpneVdtNVJSUkFC
Mama Mia Pizza and Wings	78 Broad St NW, Atlanta, GA 30303	Italian	$	4	https://www.google.com/maps/place/Mama+Mia+Pizza+and+Wings/@33.7559513,-84.3937876,16z/data=!4m9!1m2!2m1!1sitalian+restaurant!3m5!1s0x88f50387034c8005:0xc120971e31fabbbc!8m2!3d33.7562709!4d-84.3889342!15sChJpdGFsaWFuIHJlc3RhdXJhbnRaFCISaXRhbGlhbiByZXN0YXVyYW50kgEQcGl6emFfcmVzdGF1cmFudA
Rosa's Pizza	62 Broad St NW, Atlanta, GA 30303	Italian	$	4.6	https://www.google.com/maps/place/Rosa's+Pizza/@33.7571127,-84.3892012,15.48z/data=!3m1!5s0x88f5038730b50275:0xe767418257a8514b!4m9!1m2!2m1!1sitalian+restaurant!3m5!1s0x88f5047adf723f95:0xcc1109cdd0657b2c!8m2!3d33.7558648!4d-84.3895039!15sChJpdGFsaWFuIHJlc3RhdXJhbnRaFCISaXRhbGlhbiByZXN0YXVyYW50kgEQcGl6emFfcmVzdGF1cmFudJoBJENoZERTVWhOTUc5blMwVkpRMEZuU1VOTGVHOVlZalZCUlJBQg
a mano	587 Ralph McGill Blvd NE, Atlanta, GA 30312	Italian	$$	4.7	https://www.google.com/maps/place/a+mano/@33.7571127,-84.3892012,15.48z/data=!4m9!1m2!2m1!1sitalian+restaurant!3m5!1s0x88f5040ece4b5833:0x9923aaddb621c389!8m2!3d33.7638344!4d-84.3679659!15sChJpdGFsaWFuIHJlc3RhdXJhbnRaFCISaXRhbGlhbiByZXN0YXVyYW50kgESaXRhbGlhbl9yZXN0YXVyYW50mgEjQ2haRFNVaE5NRzluUzBWSlEwRm5TVVE0TVRaVU5WTjNFQUU
BoccaLupo	753 Edgewood Ave NE, Atlanta, GA 30307	Italian	$$	4.6	https://www.google.com/maps/place/BoccaLupo/@33.7571127,-84.3892012,15.48z/data=!3m1!5s0x88f503f84d880a3d:0x6fa0cd2b97e2b086!4m9!1m2!2m1!1sitalian+restaurant!3m5!1s0x88f503f8520670bf:0x732cae770524e4a1!8m2!3d33.7548016!4d-84.3627698!15sChJpdGFsaWFuIHJlc3RhdXJhbnRaFCISaXRhbGlhbiByZXN0YXVyYW50kgESaXRhbGlhbl9yZXN0YXVyYW50mgEjQ2haRFNVaE5NRzluUzBWSlEwRm5TVU54ZUhGSGJFNTNFQUU
Sotto Sotto Restaurant	313 North Highland Avenue Northeast, Atlanta, GA 30307	Italian	$$$	4.5	https://www.google.com/maps/place/Sotto+Sotto+Restaurant/@33.7630244,-84.3639471,15z/data=!3m1!5s0x88f50403dbd3db81:0xa95695c495057d4e!4m9!1m2!2m1!1sitalian+restaurant!3m5!1s0x88f50403d980dcf3:0x95cfa309f019d041!8m2!3d33.7630244!4d-84.3576665!15sChJpdGFsaWFuIHJlc3RhdXJhbnRaFCISaXRhbGlhbiByZXN0YXVyYW50kgESaXRhbGlhbl9yZXN0YXVyYW50mgEjQ2haRFNVaE5NRzluUzBWSlEwRm5TVU5SY1U5NmNtSkJFQUU
Noodle Cafe	233 Peachtree St # B70, Atlanta, GA 30303	Thai		4.2	https://www.google.com/maps/place/Noodle+Cafe/@33.7630238,-84.3639471,15z/data=!4m9!1m2!2m1!1sthai+restaurant!3m5!1s0x88f5047831dfc86d:0x985e3a6645f5ca4f!8m2!3d33.7604039!4d-84.386319!15sCg90aGFpIHJlc3RhdXJhbnRaESIPdGhhaSByZXN0YXVyYW50kgEPdGhhaV9yZXN0YXVyYW50mgEjQ2haRFNVaE5NRzluUzBWSlEwRm5TVVJKWnpabFZFSkJFQUU
Satto Thai and Sushi Bar	768 Marietta St NW suite a, Atlanta, GA 30318	Thai	$$	4.3	https://www.google.com/maps/place/Satto+Thai+and+Sushi+Bar/@33.773186,-84.4125757,15z/data=!3m1!5s0x88f5048effc4cfd5:0xbd99e4277f765534!4m9!1m2!2m1!1sthai+restaurant!3m5!1s0x88f5048efff3f463:0x85d75e95eb04e77d!8m2!3d33.773186!4d-84.403821!15sCg90aGFpIHJlc3RhdXJhbnRaESIPdGhhaSByZXN0YXVyYW50kgEPdGhhaV9yZXN0YXVyYW50mgEkQ2hkRFNVaE5NRzluUzBWSlEwRm5TVU5WZUdSMU5HNVJSUkFC
Surin of Thailand	810 North Highland Avenue Northeast, Atlanta, GA 30306	Thai	$$	4.4	https://www.google.com/maps/place/Surin+of+Thailand/@33.7765778,-84.3614397,15z/data=!4m9!1m2!2m1!1sthai+restaurant!3m5!1s0x88f506a05ebf3b6b:0xfb226dfc1712b3ab!8m2!3d33.7765778!4d-84.352685!15sCg90aGFpIHJlc3RhdXJhbnRaESIPdGhhaSByZXN0YXVyYW50kgEPdGhhaV9yZXN0YXVyYW50mgEjQ2haRFNVaE5NRzluUzBWSlEwRm5TVU5OY1daMmJXRm5FQUU
Thai 5 & Sushi Bar	1148 Euclid Ave NE #1939, Atlanta, GA 30307	Thai	$$	4.3	https://www.google.com/maps/place/Thai+5+%26+Sushi+Bar/@33.7650753,-84.3586669,15z/data=!4m9!1m2!2m1!1sthai+restaurant!3m5!1s0x88f506a926d8ad7b:0xa6e85b1226ff1bed!8m2!3d33.7650753!4d-84.3499122!15sCg90aGFpIHJlc3RhdXJhbnRaESIPdGhhaSByZXN0YXVyYW50kgEPdGhhaV9yZXN0YXVyYW50mgEjQ2haRFNVaE5NRzluUzBWSlEwRm5TVVIzTFhKRFZsVlJFQUU
26 Thai Kitchen & Bar (Midtown)	824 Juniper St NE, Atlanta, GA 30308	Thai	$$	4.6	https://www.google.com/maps/place/26+Thai+Kitchen+%26+Bar+(Midtown)/@33.7650753,-84.3586669,15z/data=!3m1!5s0x88f504691d4e6497:0x487a73f7dfe0c51e!4m9!1m2!2m1!1sthai+restaurant!3m5!1s0x88f5056c59bffd07:0x4e381823147d9b55!8m2!3d33.7770396!4d-84.3830561!15sCg90aGFpIHJlc3RhdXJhbnRaESIPdGhhaSByZXN0YXVyYW50kgEKcmVzdGF1cmFudJoBJENoZERTVWhOTUc5blMwVkpRMEZuU1VOTGVUUjZUSEpuUlJBQg
Nan Thai Fine Dining	1350 Spring St NW #1, Atlanta, GA 30309	Thai	$$$	4.7	https://www.google.com/maps/place/Nan+Thai+Fine+Dining/@33.791638,-84.3982427,15z/data=!3m1!5s0x88f5045a0cbf5fcf:0x5cb200ae9410e9f6!4m9!1m2!2m1!1sthai+restaurant!3m5!1s0x88f5045a73e78fcf:0x834a85fab46c28c6!8m2!3d33.791638!4d-84.389488!15sCg90aGFpIHJlc3RhdXJhbnRaESIPdGhhaSByZXN0YXVyYW50kgEPdGhhaV9yZXN0YXVyYW50mgEjQ2haRFNVaE5NRzluUzBWSlEwRm5TVVJaY25KNWEwcDNFQUU
Pacific Rim Bistro	303 Peachtree Center Ave NE, Atlanta, GA 30303	Thai	$$	4.3	https://www.google.com/maps/place/Pacific+Rim+Bistro/@33.7625246,-84.3946605,15z/data=!3m1!5s0x88f5047768905eed:0xb44d83e6dbc5f051!4m9!1m2!2m1!1sthai+restaurant!3m5!1s0x88f50479e05ea211:0x6741cf285cf2020b!8m2!3d33.762501!4d-84.3858995!15sCg90aGFpIHJlc3RhdXJhbnRaESIPdGhhaSByZXN0YXVyYW50kgEQc3VzaGlfcmVzdGF1cmFudJoBI0NoWkRTVWhOTUc5blMwVkpRMEZuU1VObk1DMTFkRVIzRUFF
Bangkok Thai Restaurant	1492 Piedmont Ave NE, Atlanta, GA 30309	Thai	$$	4.4	https://www.google.com/maps/place/Bangkok+Thai+Restaurant/@33.7957003,-84.3795758,15z/data=!4m9!1m2!2m1!1sthai+restaurant!3m5!1s0x88f50436a4f81dc5:0x3b9114165b4096d3!8m2!3d33.7957003!4d-84.3708211!15sCg90aGFpIHJlc3RhdXJhbnRaESIPdGhhaSByZXN0YXVyYW50kgEPdGhhaV9yZXN0YXVyYW50mgEjQ2haRFNVaE5NRzluUzBWSlEwRm5TVVJ2TXpVMlZHUkJFQUU
Mali Restaurant	961 Amsterdam Ave NE, Atlanta, GA 30306	Thai	$$	4.4	https://www.google.com/maps/place/Mali+Restaurant/@33.7957003,-84.3795758,15z/data=!3m1!5s0x88f504270b66d4df:0x63b7c4a00bb1e9dc!4m9!1m2!2m1!1sthai+restaurant!3m5!1s0x88f50427756c0381:0x4c663d4552d57cb6!8m2!3d33.7874343!4d-84.355568!15sCg90aGFpIHJlc3RhdXJhbnRaESIPdGhhaSByZXN0YXVyYW50kgEQc3VzaGlfcmVzdGF1cmFudJoBJENoZERTVWhOTUc5blMwVkpRMEZuU1VRMk1YTm1ObWRCUlJBQg
Top Spice Thai & Malaysian Cuisine	1529-F, Piedmont Ave NE, Atlanta, GA 30324	Thai	$$	4.1	https://www.google.com/maps/place/Top+Spice+Thai+%26+Malaysian+Cuisine/@33.7957003,-84.3795758,15z/data=!3m1!5s0x88f5043143bd7a7d:0xeee1d312f84c7eee!4m9!1m2!2m1!1sthai+restaurant!3m5!1s0x88f50431515429d5:0xdaa2b17d17e1f58f!8m2!3d33.7956697!4d-84.3688376!15sCg90aGFpIHJlc3RhdXJhbnRaESIPdGhhaSByZXN0YXVyYW50kgEPdGhhaV9yZXN0YXVyYW50mgEkQ2hkRFNVaE5NRzluUzBWSlEwRm5TVVJaY205dWNISm5SUkFC
Desi Spice Indian Cuisine	Promenade, 931 Monroe Dr NE 2nd fl suit c202, Atlanta, GA 30308	Indian	$$	4.1	https://www.google.com/maps/place/Desi+Spice+Indian+Cuisine/@33.779333,-84.3760757,15z/data=!4m9!1m2!2m1!1sindian+restaurant!3m5!1s0x88f50416286df033:0x3f69223ac49860b4!8m2!3d33.779333!4d-84.367321!15sChFpbmRpYW4gcmVzdGF1cmFudFoTIhFpbmRpYW4gcmVzdGF1cmFudJIBEWluZGlhbl9yZXN0YXVyYW50mgEkQ2hkRFNVaE5NRzluUzBWSlEwRm5TVU5KZWxCaWVIVjNSUkFC
Blue India	933 Peachtree St NE, Atlanta, GA 30309	Indian	$$	4.3	https://www.google.com/maps/place/Blue+India/@33.779333,-84.3760757,15z/data=!3m1!5s0x88f5045cd3b6fc4f:0x6180a65f0ccb5de!4m9!1m2!2m1!1sindian+restaurant!3m5!1s0x88f5046830c17271:0xc1797e20fc5db781!8m2!3d33.7795872!4d-84.3836058!15sChFpbmRpYW4gcmVzdGF1cmFudFoTIhFpbmRpYW4gcmVzdGF1cmFudJIBEWluZGlhbl9yZXN0YXVyYW50mgEjQ2haRFNVaE5NRzluUzBWSlEwRm5TVU13YzE4elkwTlJFQUU
Tabla	77 12th St NE #2, Atlanta, GA 30309	Indian	$$$	4.3	https://www.google.com/maps/place/Tabla/@33.779333,-84.3760757,15z/data=!3m1!5s0x88f5044325a61e6b:0xe6d5fb7f1ad6cfe3!4m9!1m2!2m1!1sindian+restaurant!3m5!1s0x88f504433b7f88ff:0xb2f6a16e57c9126d!8m2!3d33.7843782!4d-84.3851668!15sChFpbmRpYW4gcmVzdGF1cmFudFoTIhFpbmRpYW4gcmVzdGF1cmFudJIBEWluZGlhbl9yZXN0YXVyYW50mgEkQ2hkRFNVaE5NRzluUzBWSlEwRm5TVVJuZHpaNU5ESkJSUkFC
Touch	420 14th St NW, Atlanta, GA 30318	Indian	$	3.8	https://www.google.com/maps/place/Touch/@33.779333,-84.3760757,15z/data=!4m9!1m2!2m1!1sindian+restaurant!3m5!1s0x88f504f40e033b6d:0x36ded5c420e074ff!8m2!3d33.7858771!4d-84.4008531!15sChFpbmRpYW4gcmVzdGF1cmFudFoTIhFpbmRpYW4gcmVzdGF1cmFudJIBEWluZGlhbl9yZXN0YXVyYW50mgEkQ2hkRFNVaE5NRzluUzBWSlEwRm5TVU4zZGpWNVdHMW5SUkFC
Bhojanic Takeout/Catering/Market	739 Lambert Dr NE, Atlanta, GA 30324	Indian	$$	3.8	https://www.google.com/maps/place/Bhojanic+Takeout%2FCatering%2FMarket/@33.812451,-84.3725727,15z/data=!4m9!1m2!2m1!1sindian+restaurant!3m5!1s0x88f505f7facda18b:0x5544094e9c6b45ad!8m2!3d33.812451!4d-84.363818!15sChFpbmRpYW4gcmVzdGF1cmFudFoTIhFpbmRpYW4gcmVzdGF1cmFudJIBEWluZGlhbl9yZXN0YXVyYW50mgEkQ2hkRFNVaE5NRzluUzBWSlEwRm5TVU5uTlhVM2FHMUJSUkFC
NaanStop	64 Broad St NW, Atlanta, GA 30303	Indian	$	4.1	https://www.google.com/maps/place/NaanStop/@33.7558707,-84.3981851,15z/data=!4m9!1m2!2m1!1sindian+restaurant!3m5!1s0x88f503871ded9b81:0x58be1613acf1788!8m2!3d33.7558707!4d-84.3894304!15sChFpbmRpYW4gcmVzdGF1cmFudFoTIhFpbmRpYW4gcmVzdGF1cmFudJIBEWluZGlhbl9yZXN0YXVyYW50mgEjQ2haRFNVaE5NRzluUzBWSlEwRm5TVVF3ZVdKTVNFZEJFQUU
Aamar Indian Cuisine	100 Luckie St NW, Atlanta, GA 30303	Indian	$$	4.3	https://www.google.com/maps/place/Aamar+Indian+Cuisine/@33.7558707,-84.3981851,15z/data=!3m1!5s0x88f5038746fe3cc3:0xd92cd7762251677!4m9!1m2!2m1!1sindian+restaurant!3m5!1s0x88f5038740e67553:0x22447d5af607e809!8m2!3d33.757309!4d-84.389911!15sChFpbmRpYW4gcmVzdGF1cmFudFoTIhFpbmRpYW4gcmVzdGF1cmFudJIBEWluZGlhbl9yZXN0YXVyYW50mgEkQ2hkRFNVaE5NRzluUzBWSlEwRm5TVVJaZFUxcE4yOVJSUkFC
Botiwalla	Ponce City Market, 675 Ponce De Leon Ave NE n134, Atlanta, GA 30308	Indian	$$	4.6	https://www.google.com/maps/place/Botiwalla/@33.7728405,-84.3746887,15z/data=!4m9!1m2!2m1!1sindian+restaurant!3m5!1s0x88f50410be2868cb:0x4694fd2fccaa7ca!8m2!3d33.7728405!4d-84.365934!15sChFpbmRpYW4gcmVzdGF1cmFudFoTIhFpbmRpYW4gcmVzdGF1cmFudJIBEWluZGlhbl9yZXN0YXVyYW50mgEjQ2haRFNVaE5NRzluUzBWSlEwRm5TVU52TldaeFpFcDNFQUU
Niramish Indian Cuisine	1138 Euclid Ave NE, Atlanta, GA 30307	Indian	$$	4.2	https://www.google.com/maps/place/Niramish+Indian+Cuisine/@33.7728405,-84.3746887,15z/data=!3m1!5s0x88f506a921f746c1:0x87910c3faa49910f!4m9!1m2!2m1!1sindian+restaurant!3m5!1s0x88f506a921750819:0xeb55cb10278b04f3!8m2!3d33.764905!4d-84.350189!15sChFpbmRpYW4gcmVzdGF1cmFudFoTIhFpbmRpYW4gcmVzdGF1cmFudJIBEWluZGlhbl9yZXN0YXVyYW50mgEkQ2hkRFNVaE5NRzluUzBWSlEwRm5TVVJEZDE5ZlN6Wm5SUkFC
NaanStop	265 18th St NW #4110, Atlanta, GA 30363	Indian	$$	4.1	https://www.google.com/maps/place/NaanStop/@33.7927532,-84.4060522,15z/data=!4m9!1m2!2m1!1sindian+restaurant!3m5!1s0x88f505041e622763:0x903940262d404b34!8m2!3d33.7927532!4d-84.3972975!15sChFpbmRpYW4gcmVzdGF1cmFudFoTIhFpbmRpYW4gcmVzdGF1cmFudJIBCnJlc3RhdXJhbnSaASRDaGREU1VoTk1HOW5TMFZKUTBGblNVUTJYMTltYVdoQlJSQUI
Ginya Izakaya	1700, 6 Northside Dr NW Ste A-5,A, Atlanta, GA 30318	Japanese	$$	4.5	https://www.google.com/maps/place/Ginya+Izakaya/@33.7978473,-84.4197455,16z/data=!3m1!5s0x88f504e319c25ecb:0x65816c0169a490d4!4m9!1m2!2m1!1sjapanese+restaurant!3m5!1s0x88f504e319172161:0x5e2c0ec51b3b1f93!8m2!3d33.8012909!4d-84.4091287!15sChNqYXBhbmVzZSByZXN0YXVyYW50WhUiE2phcGFuZXNlIHJlc3RhdXJhbnSSARNqYXBhbmVzZV9yZXN0YXVyYW50mgEjQ2haRFNVaE5NRzluUzBWSlEwRm5TVVJyTUZwWFUxQlJFQUU
Wagaya - Westside	339 14th St NW, Atlanta, GA 30318	Japanese	$$	4.6	https://www.google.com/maps/place/Wagaya+-+Westside/@33.7863659,-84.4070161,15z/data=!4m9!1m2!2m1!1sjapanese+restaurant!3m5!1s0x88f504f5d7376a6b:0xf4ccbc33d7c234f5!8m2!3d33.7863071!4d-84.3982284!15sChNqYXBhbmVzZSByZXN0YXVyYW50WhUiE2phcGFuZXNlIHJlc3RhdXJhbnSSARNqYXBhbmVzZV9yZXN0YXVyYW50mgEjQ2haRFNVaE5NRzluUzBWSlEwRm5TVU5KYW1FdGMwcG5FQUU
Chirori - Yakitori & Kushikatsu	349 14th St NW C-1, Atlanta, GA 30318	Japanese		4.7	https://www.google.com/maps/place/Chirori+-+Yakitori+%26+Kushikatsu/@33.786366,-84.4026387,16z/data=!4m9!1m2!2m1!1sJapanese+restaurant!3m5!1s0x88f505d476115adb:0x17e7589d7d6c0c2a!8m2!3d33.786307!4d-84.3983786!15sChNKYXBhbmVzZSByZXN0YXVyYW50WhUiE2phcGFuZXNlIHJlc3RhdXJhbnSSARNqYXBhbmVzZV9yZXN0YXVyYW50mgEjQ2haRFNVaE5NRzluUzBWSlEwRm5TVVF3ZVdKRGVFdFJFQUU
Gyu-kaku Japanese BBQ	265 18th St NW Ste 4130, Atlanta, GA 30363	Japanese	$$	4.2	https://www.google.com/maps/place/Gyu-kaku+Japanese+BBQ/@33.786366,-84.4026387,16z/data=!3m1!5s0x88f504f81aecdd8d:0xe3cac75999627a0a!4m9!1m2!2m1!1sJapanese+restaurant!3m5!1s0x88f50568a7d3d19d:0x5c70f33540e5d659!8m2!3d33.7928136!4d-84.3967016!15sChNKYXBhbmVzZSByZXN0YXVyYW50WhUiE2phcGFuZXNlIHJlc3RhdXJhbnSSARN5YWtpbmlrdV9yZXN0YXVyYW50mgEjQ2haRFNVaE5NRzluUzBWSlEwRm5TVU5WYWpsNk5WRlJFQUU
Nagomiya	1010 W Peachtree St NW Ste 400, Atlanta, GA 30309	Japanese		4.2	https://www.google.com/maps/place/Nagomiya/@33.786366,-84.4026387,16z/data=!4m9!1m2!2m1!1sJapanese+restaurant!3m5!1s0x88f5055d41b159a9:0x4c86266c1bfa08dd!8m2!3d33.7817686!4d-84.3882807!15sChNKYXBhbmVzZSByZXN0YXVyYW50WhUiE2phcGFuZXNlIHJlc3RhdXJhbnSSARNqYXBhbmVzZV9yZXN0YXVyYW50mgEkQ2hkRFNVaE5NRzluUzBWSlEwRm5TVU54TWxwUFdqRjNSUkFC
Eight Sushi Lounge	930 Howell Mill Rd NW, Atlanta, GA 30318	Japanese	$$	4.7	https://www.google.com/maps/place/Eight+Sushi+Lounge/@33.7799974,-84.4161402,16z/data=!3m1!5s0x88f50493663864bf:0xd236535ee033b683!4m9!1m2!2m1!1sJapanese+restaurant!3m5!1s0x88f50493632b18c5:0xc0abdef522725b72!8m2!3d33.7800074!4d-84.4118482!15sChNKYXBhbmVzZSByZXN0YXVyYW50WhUiE2phcGFuZXNlIHJlc3RhdXJhbnSSARBzdXNoaV9yZXN0YXVyYW50mgEjQ2haRFNVaE5NRzluUzBWSlEwRm5TVU54Y2t4WFptWm5FQUU
O-Ku	1085 Howell Mill Rd NW A3, Atlanta, GA 30318	Japanese	$$	4.4	https://www.google.com/maps/place/O-Ku/@33.7799974,-84.4161402,16z/data=!4m9!1m2!2m1!1sJapanese+restaurant!3m5!1s0x88f504ec7d57d8f5:0x17763d8beed8b05d!8m2!3d33.7845522!4d-84.4112658!15sChNKYXBhbmVzZSByZXN0YXVyYW50WhUiE2phcGFuZXNlIHJlc3RhdXJhbnSSARBzdXNoaV9yZXN0YXVyYW50mgEjQ2haRFNVaE5NRzluUzBWSlEwRm5TVU5SY25KSVNVVjNFQUU
Momonoki	95 8th St NW #100, Atlanta, GA 30309	Japanese	$$	4.2	https://www.google.com/maps/place/Momonoki/@33.7797838,-84.3945711,16z/data=!4m9!1m2!2m1!1sJapanese+restaurant!3m5!1s0x88f5053a5a7f7ebd:0xd0d98db5fa4b4311!8m2!3d33.7797459!4d-84.3902291!15sChNKYXBhbmVzZSByZXN0YXVyYW50WhUiE2phcGFuZXNlIHJlc3RhdXJhbnSSARByYW1lbl9yZXN0YXVyYW50mgEkQ2hkRFNVaE5NRzluUzBWSlEwRm5TVU5wTkRscFMydDNSUkFC
RA Sushi Bar Restaurant	1080 Peachtree St NE Suite 8, Atlanta, GA 30309	Japanese	$$	3.7	https://www.google.com/maps/place/RA+Sushi+Bar+Restaurant/@33.7797838,-84.3945711,16z/data=!4m9!1m2!2m1!1sJapanese+restaurant!3m5!1s0x88f504430881dbe5:0xeea234a746771a83!8m2!3d33.7834236!4d-84.3844234!15sChNKYXBhbmVzZSByZXN0YXVyYW50WhUiE2phcGFuZXNlIHJlc3RhdXJhbnSSARBzdXNoaV9yZXN0YXVyYW50mgEkQ2hkRFNVaE5NRzluUzBWSlEwRm5TVVJWWDNKeVltbDNSUkFC
Omakase by Yun @ Chirori Yakitori and Kushikatsu	349 14th St NW, Atlanta, GA 30318	Japanese		5	https://www.google.com/maps/place/Omakase+by+Yun+@+Chirori+Yakitori+and+Kushikatsu/@33.7874607,-84.3872434,16z/data=!4m9!1m2!2m1!1sJapanese+restaurant!3m5!1s0x88f5057f6d465985:0xe9454f0f406bcf4b!8m2!3d33.7863069!4d-84.3985727!15sChNKYXBhbmVzZSByZXN0YXVyYW50WhUiE2phcGFuZXNlIHJlc3RhdXJhbnSSAQpyZXN0YXVyYW50
Kwan's Deli and Korean Kitchen	267 Marietta St NW, Atlanta, GA 30313	Korean	$	4.4	https://www.google.com/maps/place/Kwan's+Deli+and+Korean+Kitchen/@33.7608147,-84.403,15z/data=!3m1!5s0x88f5047fb98601a1:0x7c1effa9f38f8b4a!4m9!1m2!2m1!1skorean+food!3m5!1s0x88f5047faf827459:0x19ede45dc77d586a!8m2!3d33.7608147!4d-84.3942453!15sCgtrb3JlYW4gZm9vZFoNIgtrb3JlYW4gZm9vZJIBEWtvcmVhbl9yZXN0YXVyYW50mgEkQ2hkRFNVaE5NRzluUzBWSlEwRm5TVU5qYVRWNWFYcFJSUkFC
Letsbap	206 Edgewood Ave NE Suite B, Atlanta, GA 30303	Korean	$	4.6	https://www.google.com/maps/place/Letsbap/@33.7608147,-84.403,15z/data=!4m9!1m2!2m1!1skorean+food!3m5!1s0x88f503a3996a5cb3:0x89eb5a54b8fb48e2!8m2!3d33.7545785!4d-84.3806334!15sCgtrb3JlYW4gZm9vZFoNIgtrb3JlYW4gZm9vZJIBEWtvcmVhbl9yZXN0YXVyYW50mgEjQ2haRFNVaE5NRzluUzBWSlEwRm5TVU5oTjFsVWJVUjNFQUU
Blossom Tree	64 Peachtree St NW, Atlanta, GA 30303	Korean	$	4.7	https://www.google.com/maps/place/Blossom+Tree/@33.7608147,-84.403,15z/data=!4m9!1m2!2m1!1skorean+food!3m5!1s0x88f50386fcba299d:0xb514b81a12f199f4!8m2!3d33.7555031!4d-84.3891097!15sCgtrb3JlYW4gZm9vZFoNIgtrb3JlYW4gZm9vZJIBEWtvcmVhbl9yZXN0YXVyYW50mgEjQ2haRFNVaE5NRzluUzBWSlEwRm5TVVJaTlhZeVdGRm5FQUU
Umma's House Korean Japanese Restaurant	75 5th St NW, Atlanta, GA 30308	Korean	$	3.8	https://www.google.com/maps/place/Umma's+House+Korean+Japanese+Restaurant/@33.7772587,-84.3979796,15z/data=!3m1!5s0x88f50ebe16c09425:0x5810e9e7ee6d7b46!4m9!1m2!2m1!1skorean+food!3m5!1s0x88f50466ef41e135:0xfd9f66eb274ee5a!8m2!3d33.7772587!4d-84.3892249!15sCgtrb3JlYW4gZm9vZFoNIgtrb3JlYW4gZm9vZJIBE2phcGFuZXNlX3Jlc3RhdXJhbnSaASNDaFpEU1VoTk1HOW5TMFZKUTBGblNVUjNOM0l0WWtoM0VBRQ
Park 27 Korean BBQ and Bar	950 W Peachtree St NW Suite 255, Atlanta, GA 30309	Korean		4.3	https://www.google.com/maps/place/Park+27+Korean+BBQ+and+Bar/@33.7772587,-84.3979796,15z/data=!3m1!5s0x88f50467833f4691:0x2790c0176b873c52!4m9!1m2!2m1!1skorean+food!3m5!1s0x88f5055de24bdd1d:0xe7495a5275bb1480!8m2!3d33.7805734!4d-84.3876121!15sCgtrb3JlYW4gZm9vZFoNIgtrb3JlYW4gZm9vZJIBGmtvcmVhbl9iYXJiZWN1ZV9yZXN0YXVyYW50mgEkQ2hkRFNVaE5NRzluUzBWSlEwRm5TVVEyTkVscFdqUlJSUkFC
SOKOME	55 Marietta St NW # 140, Atlanta, GA 30303	Korean	$	4.5	https://www.google.com/maps/place/SOKOME/@33.755807,-84.3998207,15z/data=!3m1!5s0x88f50380d5458efb:0xd96107740b5f37f4!4m9!1m2!2m1!1skorean+food!3m5!1s0x88f503812aa3c1c5:0xb87801fab1fa53e7!8m2!3d33.755807!4d-84.391066!15sCgtrb3JlYW4gZm9vZFoNIgtrb3JlYW4gZm9vZJIBEWZ1c2lvbl9yZXN0YXVyYW50mgEjQ2haRFNVaE5NRzluUzBWSlEwRm5TVVF3TlU5ZlZVdEJFQUU
Char Korean Bar & Grill	299 North Highland Avenue Northeast UNIT S, Atlanta, GA 30307	Korean	$$	4.2	https://www.google.com/maps/place/Char+Korean+Bar+%26+Grill/@33.7621675,-84.3678881,15z/data=!4m9!1m2!2m1!1skorean+food!3m5!1s0x88f5040144e69787:0xfd90f40e1af77d78!8m2!3d33.7622254!4d-84.3591342!15sCgtrb3JlYW4gZm9vZFoNIgtrb3JlYW4gZm9vZJIBGmtvcmVhbl9iYXJiZWN1ZV9yZXN0YXVyYW50mgEjQ2haRFNVaE5NRzluUzBWSlEwRm5TVU5EY25ORFNFNUJFQUU
Mukja Korean Fried Chicken	933 Peachtree St NE Suite 951, Atlanta, GA 30309	Korean		4.6	https://www.google.com/maps/place/Mukja+Korean+Fried+Chicken/@33.7806459,-84.3925423,15z/data=!3m1!5s0x88f5045cd3b6fc4f:0x6180a65f0ccb5de!4m9!1m2!2m1!1skorean+food!3m5!1s0x88f505e069809db3:0xb6da1ec900ab431!8m2!3d33.7806459!4d-84.3837876!15sCgtrb3JlYW4gZm9vZFoNIgtrb3JlYW4gZm9vZJIBCnJlc3RhdXJhbnSaASNDaFpEU1VoTk1HOW5TMFZKUTBGblNVUkxibUl0Y1VSM0VBRQ
Choong Man Chicken-Georgia Tech	525 10th St NW, Atlanta, GA 30318	Korean		4.2	https://www.google.com/maps/place/Choong+Man+Chicken-Georgia+Tech/@33.7806459,-84.3925423,15z/data=!4m9!1m2!2m1!1skorean+food!3m5!1s0x88f50525ae5a7741:0x8b3b483480d94799!8m2!3d33.7818186!4d-84.4045891!15sCgtrb3JlYW4gZm9vZFoNIgtrb3JlYW4gZm9vZJIBGmtvcmVhbl9iYXJiZWN1ZV9yZXN0YXVyYW50mgEkQ2hkRFNVaE5NRzluUzBWSlEwRm5TVVJ4YWxCRVVIcFJSUkFC
Gaja Korean Bar	491 Flat Shoals Ave SE A, Atlanta, GA 30316	Korean	$$	4.5	https://www.google.com/maps/place/Gaja+Korean+Bar/@33.7404986,-84.3550157,15z/data=!3m1!5s0x88f5015b82ae091f:0x93dc3c63bf9a1795!4m9!1m2!2m1!1skorean+food!3m5!1s0x88f5015b7805eb0d:0xe81777fbf0bd34c1!8m2!3d33.7404986!4d-84.346261!15sCgtrb3JlYW4gZm9vZFoNIgtrb3JlYW4gZm9vZJIBEWtvcmVhbl9yZXN0YXVyYW50mgEjQ2haRFNVaE5NRzluUzBWSlEwRm5TVU5OT1RndGMxQm5FQUU
Gyro Wrap	190 Marietta St NW, Atlanta, GA 30303	Greek	$	2.6	https://www.google.com/maps/place/Gyro+Wrap/@33.7704643,-84.4155149,14z/data=!4m9!1m2!2m1!1sgreek+restaurants!3m5!1s0x88f50380633ff777:0x289a1d8903c2f64f!8m2!3d33.7576755!4d-84.3941338!15sChFncmVlayByZXN0YXVyYW50c1oTIhFncmVlayByZXN0YXVyYW50c5IBEGdyZWVrX3Jlc3RhdXJhbnQ
Gyro Bros.	85 5th St NW B, Atlanta, GA 30308	Greek	$	4.1	https://www.google.com/maps/place/Gyro+Bros./@33.7704643,-84.4155149,14z/data=!4m9!1m2!2m1!1sgreek+restaurants!3m5!1s0x88f50466c2db507d:0xa0b57619e5f88ff0!8m2!3d33.7770528!4d-84.3900992!15sChFncmVlayByZXN0YXVyYW50c1oTIhFncmVlayByZXN0YXVyYW50c5IBEGdyZWVrX3Jlc3RhdXJhbnSaASNDaFpEU1VoTk1HOW5TMFZKUTBGblNVUnJhV05NZDFGM0VBRQ
Grecian Gyro	1700 Northside Dr NW #B6, Atlanta, GA 30318	Greek		4.5	https://www.google.com/maps/place/Grecian+Gyro/@33.8011623,-84.4256835,14z/data=!4m9!1m2!2m1!1sgreek+restaurants!3m5!1s0x88f505913c20508f:0xc2ad1f1794add648!8m2!3d33.8011242!4d-84.4081599!15sChFncmVlayByZXN0YXVyYW50c1oTIhFncmVlayByZXN0YXVyYW50c5IBEGdyZWVrX3Jlc3RhdXJhbnSaASRDaGREU1VoTk1HOW5TMFZKUTBGblNVUlZOSFpsUzE5blJSQUI
Opa!!!	2196 Cheshire Bridge Rd NE, Atlanta, GA 30324	Greek		4.7	https://www.google.com/maps/place/Opa!!!/@33.8148512,-84.3710129,14z/data=!4m9!1m2!2m1!1sgreek+restaurants!3m5!1s0x88f50677ce3291d3:0xd5f704100381804a!8m2!3d33.8148239!4d-84.3534351!15sChFncmVlayByZXN0YXVyYW50c1oTIhFncmVlayByZXN0YXVyYW50c5IBEGdyZWVrX3Jlc3RhdXJhbnQ
Cafe Agora	92 Peachtree Pl NE, Atlanta, GA 30309	Greek	$	4.6	https://www.google.com/maps/place/Cafe+Agora/@33.778058,-84.402138,14z/data=!3m1!5s0x88f50442989a76ad:0xb825fcecad2fb660!4m9!1m2!2m1!1sgreek+restaurants!3m5!1s0x88f50442a20267ef:0xae1ae521240438e4!8m2!3d33.7809433!4d-84.3844581!15sChFncmVlayByZXN0YXVyYW50c1oTIhFncmVlayByZXN0YXVyYW50c5IBGW1pZGRsZV9lYXN0ZXJuX3Jlc3RhdXJhbnSaASNDaFpEU1VoTk1HOW5TMFZKUTBGblNVUjVkbk5sTlVKM0VBRQ
Nick's Food To Go	240 M.L.K. Jr Dr SE, Atlanta, GA 30312	Greek	$	4.7	https://www.google.com/maps/place/Nick's+Food+To+Go/@33.7475,-84.3972317,14z/data=!3m1!5s0x88f5038df04e49c9:0xd304d8438e386b3b!4m9!1m2!2m1!1sgreek+restaurants!3m5!1s0x88f5038df04a03df:0x6114d46688dbfeff!8m2!3d33.7474931!4d-84.3797233!15sChFncmVlayByZXN0YXVyYW50c1oTIhFncmVlayByZXN0YXVyYW50c5IBCnJlc3RhdXJhbnSaASNDaFpEU1VoTk1HOW5TMFZKUTBGblNVTmhhRmxEUVZGbkVBRQ
Mediterranean Grill	985 Monroe Dr NE, Atlanta, GA 30308	Greek	$	4.3	https://www.google.com/maps/place/Mediterranean+Grill/@33.781347,-84.3858395,14z/data=!4m9!1m2!2m1!1sgreek+restaurants!3m5!1s0x88f5043db5f6bc6d:0xcd195569e04b07f7!8m2!3d33.781347!4d-84.36833!15sChFncmVlayByZXN0YXVyYW50c1oTIhFncmVlayByZXN0YXVyYW50c5IBGG1lZGl0ZXJyYW5lYW5fcmVzdGF1cmFudJoBI0NoWkRTVWhOTUc5blMwVkpRMEZuU1VOTGRISjVTVmxCRUFF
Taverna Plaka	2196 Cheshire Bridge Rd NE, Atlanta, GA 30324	Greek	$$	4.4	https://www.google.com/maps/place/Taverna+Plaka/@33.8148439,-84.37114,14z/data=!3m1!5s0x88f50677d04b02f7:0x5d7dad9fff08c86a!4m9!1m2!2m1!1sgreek+restaurants!3m5!1s0x88f50677d1c52ac5:0xb6dce4b9350b1b72!8m2!3d33.8147908!4d-84.3534978!15sChFncmVlayByZXN0YXVyYW50c1oTIhFncmVlayByZXN0YXVyYW50c5IBGG1lZGl0ZXJyYW5lYW5fcmVzdGF1cmFudJoBI0NoWkRTVWhOTUc5blMwVkpRMEZuU1VORGRXTnVRazFuRUFF
Kyma	3085 Piedmont Rd NE, Atlanta, GA 30305	Greek	$$$	4.5	https://www.google.com/maps/place/Kyma/@33.8398553,-84.3865416,14z/data=!3m1!5s0x88f505f14187f0d5:0xa5bb2247ff64eca8!4m9!1m2!2m1!1sgreek+restaurants!3m5!1s0x88f505f169e36e91:0x4d0bd01a9aabeb6e!8m2!3d33.8398269!4d-84.3691099!15sChFncmVlayByZXN0YXVyYW50c1oTIhFncmVlayByZXN0YXVyYW50c5IBEGdyZWVrX3Jlc3RhdXJhbnSaASNDaFpEU1VoTk1HOW5TMFZKUTBGblNVUkplRFpwYTBwUkVBRQ
Zeus Greek Street Food	2022 Powers Ferry Rd #130, Atlanta, GA 30339	Greek	$	4.4	https://www.google.com/maps/place/Zeus+Greek+Street+Food/@33.9019109,-84.4722422,14z/data=!3m1!5s0x88f511c9674becc7:0x436fec22d109a02a!4m9!1m2!2m1!1sgreek+restaurants!3m5!1s0x88f511c948500003:0x82e5e9b1731e8d83!8m2!3d33.9019112!4d-84.4547534!15sChFncmVlayByZXN0YXVyYW50c1oTIhFncmVlayByZXN0YXVyYW50c5IBEGdyZWVrX3Jlc3RhdXJhbnSaASRDaGREU1VoTk1HOW5TMFZKUTBGblNVUlJNVjlsY0hwblJSQUI
Le Fat	935 Marietta St NW, Atlanta, GA 30318	Vietnamese	$$	4.2	https://www.google.com/maps/place/Le+Fat/@33.7555556,-84.4069539,14z/data=!3m1!5s0x88f50492e96776e7:0xd15156a8d68d95f8!4m9!1m2!2m1!1svietnamese+restaurant!3m5!1s0x88f504925223e1b7:0xce5d1ec194d4bd4d!8m2!3d33.7782406!4d-84.4089607!15sChV2aWV0bmFtZXNlIHJlc3RhdXJhbnRaFyIVdmlldG5hbWVzZSByZXN0YXVyYW50kgEVdmlldG5hbWVzZV9yZXN0YXVyYW50
Vietvana Pho Noodle House	848 Spring St NW Suite A, Atlanta, GA 30308	Vietnamese	$$	4	https://www.google.com/maps/place/Vietvana+Pho+Noodle+House/@33.7822887,-84.397407,14z/data=!4m9!1m2!2m1!1svietnamese+restaurant!3m5!1s0x88f505674d9c0cdd:0x8a3c0633a3d0c8d5!8m2!3d33.7780685!4d-84.3892338!15sChV2aWV0bmFtZXNlIHJlc3RhdXJhbnRaFyIVdmlldG5hbWVzZSByZXN0YXVyYW50kgEOcGhvX3Jlc3RhdXJhbnQ
Anh's Kitchen	Viewpoint, 855 Peachtree St NE STE 2, Atlanta, GA 30308	Vietnamese	$$	4.4	https://www.google.com/maps/place/Anh's+Kitchen/@33.7822887,-84.397407,14z/data=!4m9!1m2!2m1!1svietnamese+restaurant!3m5!1s0x88f504685ee5dcfb:0x9d27bb6fbeb7c747!8m2!3d33.7780079!4d-84.3842066!15sChV2aWV0bmFtZXNlIHJlc3RhdXJhbnRaFyIVdmlldG5hbWVzZSByZXN0YXVyYW50kgEVdmlldG5hbWVzZV9yZXN0YXVyYW50
Pho King Midtown	950 W Peachtree St NW #240, Atlanta, GA 30309	Vietnamese	$	4.2	https://www.google.com/maps/place/Pho+King+Midtown/@33.7822887,-84.397407,14z/data=!4m9!1m2!2m1!1svietnamese+restaurant!3m5!1s0x88f504678fcbb8a5:0x23f43c0e3a07b72e!8m2!3d33.7802177!4d-84.3875353!15sChV2aWV0bmFtZXNlIHJlc3RhdXJhbnRaFyIVdmlldG5hbWVzZSByZXN0YXVyYW50kgEVdmlldG5hbWVzZV9yZXN0YXVyYW50
DUA Vietnamese	77 12th St NE #6b, Atlanta, GA 30309	Vietnamese		4.6	https://www.google.com/maps/place/DUA+Vietnamese/@33.7822887,-84.397407,14z/data=!4m9!1m2!2m1!1svietnamese+restaurant!3m5!1s0x88f505410583e963:0x94c9dacc037dd80d!8m2!3d33.784203!4d-84.3845716!15sChV2aWV0bmFtZXNlIHJlc3RhdXJhbnRaFyIVdmlldG5hbWVzZSByZXN0YXVyYW50kgEVdmlldG5hbWVzZV9yZXN0YXVyYW50
Bun Mi Vietnamese Grill	1197 Peachtree St NE Suite 150 Politan Row at Colony Square Food Hall, Atlanta, GA 30361	Vietnamese		4.7	https://www.google.com/maps/place/Bun+Mi+Vietnamese+Grill/@33.7822887,-84.397407,14z/data=!4m9!1m2!2m1!1svietnamese+restaurant!3m5!1s0x88f505fef2a718f5:0x41fa4a54f45c2ade!8m2!3d33.7877938!4d-84.3821312!15sChV2aWV0bmFtZXNlIHJlc3RhdXJhbnRaFyIVdmlldG5hbWVzZSByZXN0YXVyYW50kgEVdmlldG5hbWVzZV9yZXN0YXVyYW50
BEP! Vietnamese Cuisine	231 Peachtree Street Suite FC-04, Atlanta, GA 30303	Vietnamese		4.3	https://www.google.com/maps/place/BEP!+Vietnamese+Cuisine/@33.760211,-84.4045915,14z/data=!4m9!1m2!2m1!1svietnamese+restaurant!3m5!1s0x88f505b1072c6f91:0x288c78f692ec50ba!8m2!3d33.760211!4d-84.387082!15sChV2aWV0bmFtZXNlIHJlc3RhdXJhbnRaFyIVdmlldG5hbWVzZSByZXN0YXVyYW50kgEKcmVzdGF1cmFudA
Pho 24 Atlantic Station	264 19th St NW # 2160, Atlanta, GA 30363	Vietnamese		3.6	https://www.google.com/maps/place/Pho+24+Atlantic+Station/@33.7930185,-84.4146045,14z/data=!4m9!1m2!2m1!1svietnamese+restaurant!3m5!1s0x88f505ca9c015a41:0x96f671cf8ff4195d!8m2!3d33.7930185!4d-84.397095!15sChV2aWV0bmFtZXNlIHJlc3RhdXJhbnRaFyIVdmlldG5hbWVzZSByZXN0YXVyYW50kgEVdmlldG5hbWVzZV9yZXN0YXVyYW50
Dua Vietnamese Noodle Soup	53 Broad St NW, Atlanta, GA 30303	Vietnamese	$	4.5	https://www.google.com/maps/place/Dua+Vietnamese+Noodle+Soup/@33.7555556,-84.4069539,14z/data=!4m9!1m2!2m1!1svietnamese+restaurant!3m5!1s0x88f50386e1106583:0xdbd9962f92a70afb!8m2!3d33.7555561!4d-84.3894449!15sChV2aWV0bmFtZXNlIHJlc3RhdXJhbnRaFyIVdmlldG5hbWVzZSByZXN0YXVyYW50kgEVdmlldG5hbWVzZV9yZXN0YXVyYW50
Pho King Express	18 Park Pl NE S, Atlanta, GA 30303	Vietnamese	$	4.4	https://www.google.com/maps/place/Pho+King+Express/@33.7555556,-84.4069539,14z/data=!4m9!1m2!2m1!1svietnamese+restaurant!3m5!1s0x88f503c35149ef63:0x44fbff6b057100e2!8m2!3d33.7540063!4d-84.3887649!15sChV2aWV0bmFtZXNlIHJlc3RhdXJhbnRaFyIVdmlldG5hbWVzZSByZXN0YXVyYW50kgEVdmlldG5hbWVzZV9yZXN0YXVyYW50
Crazy Cuban	290 14th St NW, Atlanta, GA 30318	Cuban	$	4.5	https://www.google.com/maps/place/Crazy+Cuban/@33.7874594,-84.4003756,14z/data=!3m1!5s0x88f504f5f7452e7f:0xf5f71ef1e38ba5ef!4m9!1m2!2m1!1scuban+restaurant!3m5!1s0x88f504f5f77217b7:0x706b13623df0d070!8m2!3d33.7860538!4d-84.3964795!15sChBjdWJhbiByZXN0YXVyYW50WhIiEGN1YmFuIHJlc3RhdXJhbnSSARBjdWJhbl9yZXN0YXVyYW50mgEkQ2hkRFNVaE5NRzluUzBWSlEwRm5TVU5WZDBwMk9EaDNSUkFC
Papi's Cuban & Caribbean Grill	216 Ponce De Leon Ave NE, Atlanta, GA 30308	Cuban	$	4.5	https://www.google.com/maps/place/Papi's+Cuban+%26+Caribbean+Grill/@33.7874594,-84.4003756,14z/data=!3m1!5s0x88f5046c27cf2de5:0x1fb8c1fb96a0f3e9!4m9!1m2!2m1!1scuban+restaurant!3m5!1s0x88f5046c28d0f5b3:0x93257ed792a693!8m2!3d33.7727304!4d-84.3803508!15sChBjdWJhbiByZXN0YXVyYW50WhIiEGN1YmFuIHJlc3RhdXJhbnSSARBjdWJhbl9yZXN0YXVyYW50mgEkQ2hkRFNVaE5NRzluUzBWSlEwRm5TVU4zTjI5eVdURm5SUkFC
Beni's Cubano	Northeast FC, 231 Peachtree St #15, Atlanta, GA 30303	Cuban	$$	4.8	https://www.google.com/maps/place/Beni's+Cubano/@33.7602217,-84.4046871,14z/data=!4m9!1m2!2m1!1scuban+restaurant!3m5!1s0x88f504784a4de243:0xdf1c4906635514e1!8m2!3d33.7602217!4d-84.3871776!15sChBjdWJhbiByZXN0YXVyYW50WhIiEGN1YmFuIHJlc3RhdXJhbnSSARBjdWJhbl9yZXN0YXVyYW50mgEkQ2hkRFNVaE5NRzluUzBWSlEwRm5TVVF3WjFsVE16bG5SUkFC
Cubanos ATL	1235 Chattahoochee Ave NW, Atlanta, GA 30318	Cuban		3.5	https://www.google.com/maps/place/Cubanos+ATL/@33.8028215,-84.446101,14z/data=!4m9!1m2!2m1!1scuban+restaurant!3m5!1s0x88f5058b3edf060f:0xac9b8972f9f089ab!8m2!3d33.8028193!4d-84.4283817!15sChBjdWJhbiByZXN0YXVyYW50WhIiEGN1YmFuIHJlc3RhdXJhbnSSARBjdWJhbl9yZXN0YXVyYW50mgEkQ2hkRFNVaE5NRzluUzBWSlEwRm5TVU5oTTB4WVVYVjNSUkFC
Havana Sandwich Shop	2905 Buford Hwy NE, Atlanta, GA 30329	Cuban	$	4.6	https://www.google.com/maps/place/Havana+Sandwich+Shop/@33.832856,-84.3581325,14z/data=!3m1!5s0x88f50610f330f1b9:0xd2bce1c552840c16!4m9!1m2!2m1!1scuban+restaurant!3m5!1s0x88f50610f32fc149:0x3c581e621f62900a!8m2!3d33.8328646!4d-84.3406344!15sChBjdWJhbiByZXN0YXVyYW50WhIiEGN1YmFuIHJlc3RhdXJhbnSSARBjdWJhbl9yZXN0YXVyYW50mgEjQ2haRFNVaE5NRzluUzBWSlEwRm5TVVJOYkVsaVNVTlJFQUU
La Fonda Latina	1025 Howell Mill Rd NW, Atlanta, GA 30318	Cuban	$	4.3	https://www.google.com/maps/place/La+Fonda+Latina/@33.832856,-84.3581325,14z/data=!4m9!1m2!2m1!1scuban+restaurant!3m5!1s0x88f504ecbb57bfa3:0xd639cb5414af3ead!8m2!3d33.7828732!4d-84.4113803!15sChBjdWJhbiByZXN0YXVyYW50WhIiEGN1YmFuIHJlc3RhdXJhbnSSARJ0ZXhfbWV4X3Jlc3RhdXJhbnSaASRDaGREU1VoTk1HOW5TMFZKUTBGblNVUmhaM0ZEVjJ4blJSQUI
Mami's La Cubana	579 N Central Ave, Atlanta, GA 30354	Cuban	$	4.5	https://www.google.com/maps/place/Mami's+La+Cubana/@33.6585233,-84.4255771,14z/data=!3m1!5s0x88f4fd6f8d34ccb3:0xa8c3bb0db2c2d4fb!4m9!1m2!2m1!1scuban+restaurant!3m5!1s0x88f4fd6ff320a6c9:0x2e2fe7ca0bd41945!8m2!3d33.658479!4d-84.4080964!15sChBjdWJhbiByZXN0YXVyYW50WhIiEGN1YmFuIHJlc3RhdXJhbnSSARBjdWJhbl9yZXN0YXVyYW50mgEjQ2haRFNVaE5NRzluUzBWSlEwRm5TVU56YlRjdFNGTjNFQUU
La Fonda Latina	923 Ponce De Leon Ave NE, Atlanta, GA 30306	Cuban	$	4.5	https://www.google.com/maps/place/La+Fonda+Latina/@33.7735119,-84.3746184,14z/data=!3m1!5s0x88f5041c297bacb9:0xe3e1edf71502772d!4m9!1m2!2m1!1scuban+restaurant!3m5!1s0x88f5041c2bfcb2e5:0xe7ac3947fe349a10!8m2!3d33.7735119!4d-84.3571089!15sChBjdWJhbiByZXN0YXVyYW50WhIiEGN1YmFuIHJlc3RhdXJhbnSSARlsYXRpbl9hbWVyaWNhbl9yZXN0YXVyYW50mgEkQ2hkRFNVaE5NRzluUzBWSlEwRm5TVU5wTTA1eVRITm5SUkFC
La Fonda Latina	1639 McLendon Ave NE, Atlanta, GA 30307	Cuban	$	4.5	https://www.google.com/maps/place/La+Fonda+Latina/@33.7646879,-84.3513134,14z/data=!3m1!5s0x88f506b7d209e623:0x43d52d5547e74c10!4m9!1m2!2m1!1scuban+restaurant!3m5!1s0x88f506b7d2111ccd:0xcb39f8bc73b180bf!8m2!3d33.7646933!4d-84.3338361!15sChBjdWJhbiByZXN0YXVyYW50WhIiEGN1YmFuIHJlc3RhdXJhbnSSARlsYXRpbl9hbWVyaWNhbl9yZXN0YXVyYW50mgEjQ2haRFNVaE5NRzluUzBWSlEwRm5TVVJyTmkxRU1FbEJFQUU
La Fonda Latina	4427 Roswell Rd NE, Atlanta, GA 30342	Cuban	$	4.2	https://www.google.com/maps/place/La+Fonda+Latina/@33.8757889,-84.3975345,14z/data=!3m1!5s0x88f50f16b1c07b39:0xadc0b64b30893e1!4m9!1m2!2m1!1scuban+restaurant!3m5!1s0x88f50f145ba9559f:0xc880f565f55f3801!8m2!3d33.8757889!4d-84.380025!15sChBjdWJhbiByZXN0YXVyYW50WhIiEGN1YmFuIHJlc3RhdXJhbnSSARlsYXRpbl9hbWVyaWNhbl9yZXN0YXVyYW50mgEjQ2haRFNVaE5NRzluUzBWSlEwRm5TVU52YkdSaGRsUjNFQUU